create table TBL_TEACHER_202201( 
    TEACHER_CODE CHAR(3) NOT NULL PRIMARY KEY, 
    TEACHER_NAME VARCHAR2(15), 
    CLASS_NAME VARCHAR2(20), 
    CLASS_PRICE NUMBER(8),
    TEACHER_REGIST_DATE4 VARCHAR2(8)
);

INSERT INTO TBL_TEACHER_202201 VALUES(100,'이초급','초급반',100000,20220101);
INSERT INTO TBL_TEACHER_202201 VALUES(200,'김중급','중급반',200000,20220102);
INSERT INTO TBL_TEACHER_202201 VALUES(300,'박고급','고급반',300000,20220103);
INSERT INTO TBL_TEACHER_202201 VALUES(400,'정상화','심화반',400000,20220104);

DESC TBL_TEACHER_202201;
SELECT * FROM TBL_TEACHER_202201;

create table TBL_MEMBER_202201( 
    C_NO CHAR(5) NOT NULL PRIMARY KEY, 
    C_NAME VARCHAR2(15), 
    PHONE VARCHAR2(11), 
    ADDRESS VARCHAR(50),
    GRADE VARCHAR2(6)
);

CREATE TABLE TBL_MEMBER_202201 (
  C_NO CHAR(5) PRIMARY KEY, 
  C_NAME VARCHAR2(15), 
  PHONE VARCHAR2(11), 
  ADDRESS VARCHAR(50),
  GRADE VARCHAR2(6)
);


DESC TBL_MEMBER_202201;
INSERT INTO TBL_MEMBER_202201 VALUES(10001,'홍길동',01011112222,'서울시 강남구','일반');
INSERT INTO TBL_MEMBER_202201 VALUES(10002,'장발장',01022223333,'성남시 분당구','일반');
INSERT INTO TBL_MEMBER_202201 VALUES(10003,'임꺽정',01033334444,'대전시 유성구','일반');
INSERT INTO TBL_MEMBER_202201 VALUES(20001,'성춘향',01044445555,'부산시 서구','VIP');
INSERT INTO TBL_MEMBER_202201 VALUES(20002,'이몽룡',01055556666,'대구시 북구','VIP');


SELECT * FROM TBL_MEMBER_202201;
--    P_CODE CHAR(2) CONSTRAINT TBL_MEMBER_202005_P_CODE_FK REFERENCES TBL_PARTY_202005(P_CODE),
    
create table TBL_CLASS_202201( 
    REGIST_MONTH VARCHAR2(6) PRIMARY KEY, 
    C_NO CHAR(5) CONSTRAINT TBL_MEMBER_202201_C_NO REFERENCES TBL_CLASS_202201(C_NO),
    CLASS_AREA VARCHAR2(15), 
    TUITION NUMBER(8), 
    TEACHER_CODE CHAR(3)
    );
    
CREATE TABLE TBL_CLASS_202201 (
  REGIST_MONTH VARCHAR2(6) NOT NULL, 
  C_NO CHAR(5) NOT NULL, 
  CLASS_AREA VARCHAR2(15), 
  TUITION NUMBER(8), 
  TEACHER_CODE CHAR(3),
  CONSTRAINT FK_TBL_CLASS_202201_C_NO
    FOREIGN KEY (C_NO) REFERENCES TBL_MEMBER_202201(C_NO)
);

SELECT * FROM TBL_CLASS_202201;
DESC TBL_CLASS_202201;
INSERT INTO TBL_CLASS_202201 VALUES(202203,10001,'서울본원',100000,100);
INSERT INTO TBL_CLASS_202201 VALUES(202203,10002,'성남분원',100000,100);
INSERT INTO TBL_CLASS_202201 VALUES(202203,10003,'대전분원',200000,200);
INSERT INTO TBL_CLASS_202201 VALUES(202203,10001,'부산분원',150000,300);
INSERT INTO TBL_CLASS_202201 VALUES(202203,20002,'대구분원',200000,400);